"ID Card","CPAO","Owner","Acres","Unit","Block","Lot","St #","St Name","City"
"008101","Brevard","DAVID MOALLEM TRUST","0.23","cc8","81","1","1039","HOOPER AVE NE","Palm Bay"
"0147-02","Brevard","MOALLEM","0.23","6","147","2","5681","BABCOCK ST NE","Palm Bay"
"0147-03","Brevard","MOALLEM","0.23","6","147","3","5671","BABCOCK ST ","Palm Bay"
"053509","Brevard","MOALLEM","0.27","12","535","9","895","CARNATION AVE SE","Palm Bay"
"0776-01","Brevard","MOALLEM","0.27","16","776","1","1302","VAN BUREN AVE SE","Palm Bay"
"086510","Brevard","FARMERS AND MERCHANTS","0.26","22","865","10","2251","RAMROD LN SE","Palm Bay"
"088001","Brevard","MOALLEM","0.29","22","880","1","2596","RAYBURN AVE SE","Palm Bay"
"088714","Brevard","FARMERS AND MERCHANTS","0.28","22","887","14","1075","LAVA ST  SE","Palm Bay"
"088715","Brevard","FARMERS AND MERCHANTS","0.28","22","887","15","1067","LAVA ST  SE","Palm Bay"
"090307","Brevard","MOALLEM","0.31","22","903","7","799","PAIGO ST  SE","Palm Bay"
"090601","Brevard","FARMERS AND MERCHANTS","0.28","22","906","1","800","PAINESVILLE ST SE","Palm Bay"
"092603","Brevard","MOALLEM","0.23","18","926","3","1670","WESTLUND AVE SE","Palm Bay"
"109213","Brevard","MOALLEM","0.26","19","1092","13","567","TROY RD SW","Palm Bay"
"10D1","Brevard","MOALLEM","0.27","10","373","10","246","ELDRON BLVD SE","Palm Bay"
"10F","Brevard","MOALLEM","0.48","10","F","","417","ALVARADO AVE  SE","Palm Bay"
"10H","Brevard","MOALLEM","0.84","10","H","","300","ALGIERS AVE SE","Palm Bay"
"1100-03","Brevard","MOALLEM","0.23","19","1100","3","529","SANTO DOMINGO AVE SW","Palm Bay"
"112810","Brevard","DAVID MOALLEM TRUST","0.23","23","1128","10","3262","TORONTO AVE SE","Palm Bay"
"113112","Brevard","MOALLEM","0.27","23","1131","12","3294","TOPSEY AVE SE","Palm Bay"
"117503","Brevard","FARMERS AND MERCHANTS","0.25","24","1175","3","3000","TRIANGLE RD SE","Palm Bay"
"120409","Brevard","FARMERS AND MERCHANTS","0.33","24","1204","9","838","TEDDER RD  SE","Palm Bay"
"120506","Brevard","FARMERS AND MERCHANTS","0.41","24","1205","6","893","TEDDER RD  SE","Palm Bay"
"120702","Brevard","FARMERS AND MERCHANTS","0.30","24","1207","2","3187","SAN SALVADOR AV  SE","Palm Bay"
"120721","Brevard","FARMERS AND MERCHANTS","0.29","24","1207","21","3178","TROPICAL CR  SE","Palm Bay"
"120725","Brevard","FARMERS AND MERCHANTS","0.24","24","1207","25","987","SARASOTA DR  SE","Palm Bay"
"122320","Brevard","MOALLEM","0.25","24","1223","20","3247","TELESCA RD  SE","Palm Bay"
"129622","Brevard","MOALLEM","0.28","25","1296","22","3098","FONTAINEBLEAU AVE SE","Palm Bay"
"12A-F","Brevard","MOALLEM","1.48","12","A","","802","ARABIA RD SE","Palm Bay"
"130909","Brevard","FARMERS AND MERCHANTS","0.24","25","1309","9","3043","FLANDERS AV  SE","Palm Bay"
"131105","Brevard","FARMERS AND MERCHANTS","0.39","25","1311","5","2814","DAGGET AV  SE","Palm Bay"
"132405","Brevard","FARMERS AND MERCHANTS","0.28","25","1324","5","620","TOBIAS ST  SE","Palm Bay"
"132703","Brevard","FARMERS AND MERCHANTS","0.24","25","1327","3","416","READING ST  SE","Palm Bay"
"132725","Brevard","FARMERS AND MERCHANTS","0.25","25","1327","25","602","READING ST  SE","Palm Bay"
"132834","Brevard","MOALLEM","0.26","25","1328","34","599","READING ST SE","Palm Bay"
"132930","Brevard","FARMERS AND MERCHANTS","0.31","25","1329","30","571","FLYNN ST  SE","Palm Bay"
"133203","Brevard","FARMERS AND MERCHANTS","0.24","25","1332","3","2680","FOSTER  SE","Palm Bay"
"133209","Brevard","MOALLEM","0.30","25","1332","9","2626","KINGMAN AV  SE","Palm Bay"
"133314","Brevard","MOALLEM","0.30","25","1333","14","2621","KINGMAN AVE SE","Palm Bay"
"133529","Brevard","FARMERS AND MERCHANTS","0.24","25","1335","29","2713","LANSING RD  SE","Palm Bay"
"134302","Brevard","MOALLEM","0.24","25","1343","2","340","PAIGO ST  SE","Palm Bay"
"134704","Brevard","FARMERS AND MERCHANTS","0.31","25","1347","4","2726","FELIX RD  SE","Palm Bay"
"134717","Brevard","FARMERS AND MERCHANTS","0.23","25","1347","17","2749","DAHLIA RD  SE","Palm Bay"
"138424","Brevard","FARMERS AND MERCHANTS","0.42","30","1384","24","301","FENTON RD  SW","Palm Bay"
"141207","Brevard","FARMERS AND MERCHANTS","0.37","30","1412","7","424","LARINO RD  SW","Palm Bay"
"141319","Brevard","MOALLEM","0.38","30","1413","19","417","LARINO RD SW","Palm Bay"
"143201","Brevard","MOALLEM","0.30","30","1432","1","3001","LABREA AVE  SW","Palm Bay"
"143202","Brevard","DAVID MOALLEM TRUST","0.24","30","1432","2","3015","LABREA AV  SW","Palm Bay"
"144320","Brevard","MOALLEM","0.23","30","1443","20","521","FONDULAC ST SW","Palm Bay"
"144823","Brevard","MOALLEM","0.23","30","1448","23","535","HALIFAX ST SW","Palm Bay"
"1473-28","Brevard","MOALLEM","0.23","31","1473","28","521","OLD RD SW","Palm Bay"
"1473-29","Brevard","MOALLEM","0.26","31","1473","29","555","OLD RD SW","Palm Bay"
"147901","Brevard","FARMERS AND MERCHANTS","0.32","31","1479","1","507","OCTAVIUS ST SW","Palm Bay"
"147902","Brevard","FARMERS AND MERCHANTS","0.42","31","1479","2","501","OCTAVIUS ST  SW","Palm Bay"
"147914","Brevard","MOALLEM","0.23","31","1479","14","439","OAKMON RD  SW","Palm Bay"
"148808","Brevard","FARMERS AND MERCHANTS","0.23","31","1488","8","2428","FLEMING AV  SW","Palm Bay"
"148809","Brevard","FARMERS AND MERCHANTS","0.23","31","1488","9","2418","FLEMING AV  SW","Palm Bay"
"150007","Brevard","MOALLEM","0.23","31","1500","7","2425","HAGOPLAN AV  SW","Palm Bay"
"152","Brevard","EMILAND","0.23","32","1566","27","464","GARBELMANN ST SW","Palm Bay"
"153407","Brevard","MOALLEM","0.23","31","1534","7","394","HANFORD RD SW","Palm Bay"
"161506","Brevard","FARMERS AND MERCHANTS","0.28","32","1615","6","1308","DE GROODT RD  SW","Palm Bay"
"162707","Brevard","FARMERS AND MERCHANTS","0.33","32","1627","7","1186","SEXTON RD  SW","Palm Bay"
"1636-13","Brevard","MOALLEM","0.28","32","1636","13","1031","GARLINDA AVE SW","Palm Bay"
"16L","Brevard","MOALLEM","0.26","16","L","","1200","PARIS AVE SE","Palm Bay"
"170916","Brevard","MOALLEM","0.24","36","1709","16","390","SEABULL AVE SW","Palm Bay"
"185107","Brevard","MOALLEM","","41","1851","7","535","IVY CT NW","Palm Bay"
"186519","Brevard","DAVID MOALLEM TRUST","0.40","41","1865","19","1820","HOLBROOK RD NW","palm bay"
"1989.2.01","Brevard","MOALLEM","0.37","40","1989","2.01","416","THOR AVE SE","Palm Bay"
"1990-16","Brevard","MOALLEM","1.78","40","1990","16","590","THOR AVE SE","Palm Bay"
"199014","Brevard","MOALLEM","1.62","40","1990","14","581","THOR AVE  SE","Palm Bay"
"19E","Brevard","MOALLEM","0.23","19","1101","8","599","DE GROODT RD  SW","Palm Bay"
"20J","Brevard","MOALLEM","0.23","20","J","","2001","JUPITER BLVD  SE","Palm Bay"
"20O","Brevard","MOALLEM/PIRZADEH","3.88","20","O","","2250","JUPITER BD  SW","Palm Bay"
"20P","Brevard","MOALLEM","1.30","20","P","","577","TOWN RD  SW","Palm Bay"
"21J","Brevard","MOALLEM","6.49","21","J","","1221","GROGAN AVE NE","Palm Bay"
"21K","Brevard","MOALLEM","0.50","21","K","","0","GROGAN AVE  NE","Palm Bay"
"24C","Brevard","MOALLEM/PIRZADEH","4.19","24","C","","2731","SAN FILIPPO  SE","Palm Bay"
"253026","Brevard","MOALLEM","0.23","49","2530","26","3265","NIGHTHAWK  SW","Palm Bay"
"253534","Brevard","MOALLEM","0.24","49","2535","34","870","OWL ST SW","Palm Bay"
"253706","Brevard","MOALLEM","0.23","49","2537","6","854","BLUEJAY ST SW","Palm Bay"
"253719","Brevard","MOALLEM","0.23","49","2537","19","855","NIGHTENGALE ST ST SW","Palm Bay"
"253816","Brevard","MOALLEM","0.23","49","2538","16","831","BLUEJAY ST.  SW","Palm Bay"
"254004","Brevard","MOALLEM","0.23","49","2540","4","3175","SAGE AVE SW","Palm Bay"
"254409","Brevard","MOALLEM","0.23","49","2544","9","676","MISTLETOE ST SW","palm Bay"
"255008","Brevard","MOALLEM","0.25","49","2550","8","3037","MADDEN AVE SW","Palm Bay"
"255327","Brevard","MOALLEM","","49","2553","27","3034","ROSEMARY AVE NW","Palm Bay"
"255701","Brevard","MOALLEM","0.36","49","2557","1","796","TREASURE COVE ST SW","Palm Bay"
"255702","Brevard","MOALLEM","0.23","49","2557","2","782","TREASURE COVE ST SW","Palm Bay"
"255811","Brevard","MOALLEM","0.23","49","2558","11","656","SUNSHINE ST  SW","Palm Bay"
"255829","Brevard","MOALLEM","0.23","49","2558","29","783","TREASURE COVE ST SW","Palm Bay"
"255904","Brevard","MOALLEM","0.23","49","2559","4","754","STAR ST SW","Palm Bay"
"256017","Brevard","MOALLEM","0.23","49","2560","17","2877","ANJAR  SW","Palm Bay"
"2564-31","Brevard","MOALLEM","","49","2564","31","2894","BASIL AVE SW","Palm Bay"
"2564-32","Brevard","MOALLEM","0.50","49","2564","32,33","2896","BASIL AVE SW","Palm Bay"
"256417","Brevard","MOALLEM","0.36","49","2564","17","2824","BASIL AVE  SW","Palm Bay"
"256626","Brevard","MOALLEM","0.24","49","2566","26","2822"," ANJAR AV  SW","Palm Bay"
"256701","Brevard","MOALLEM","0.36","49","2567","1","788","KINGFISHER ST SW","Palm Bay"
"2569-18","Brevard","MOALLEM","0.23","49","2569","18","2651","VALENTINE AVE SW","Palm Bay"
"2569-19","Brevard","MOALLEM","0.23","49","2569","19","2665","VALENTINE AVE SW","Palm Bay"
"256914","Brevard","MOALLEM","0.25","49","2569","14","2601","VALENTINE AVE  SW","Palm Bay"
"2580-20","Brevard","MOALLEM","0.23","49","2580","20","709","PARROTFISH ST SW","Palm Bay"
"258222","Brevard","MOALLEM","0.23","49","2582","22","867","SALTWATER ST SW","Palm Bay"
"258413","Brevard","MOALLEM","0.27","49","2584","13","615","SAILBOAT ST  SW","Palm Bay"
"258731","Brevard","MOALLEM","0.33","49","2587","31","600","WISEMAN ST.  SW","Palm Bay"
"2596-17","Brevard","MOALLEM","0.23","49","2596","17","2273","HIBISCUS AVE SW","Palm Bay"
"25C","Brevard","MOALLEM","16.31","25","C","","500","GAGER ST  SE","Palm Bay"
"260818","Brevard","MOALLEM","0.23","49","2608","18","1998","ALWAR AVE  SW","Palm Bay"
"260916","Brevard","MOALLEM","0.37","49","2609","16","860","CONKLIN  SW","Palm Bay"
"261908","Brevard","MOALLEM","0.23","49","2619","8","831","BOMBARDIER BLVD  SW","Palm Bay"
"261909","Brevard","MOALLEM","0.23","49","2619","9","0","BOMBARDIER BLVD  SW","Palm Bay"
"261910","Brevard","MOALLEM","0.23","49","2619","10","0","BOMBARDIER BLVD  SW","Palm Bay"
"261911","Brevard","MOALLEM","0.23","49","2619","11","0","BOMBARDIER BLVD  SW","Palm Bay"
"261912","Brevard","MOALLEM","0.23","49","2619","12","0","BOMBARDIER BLVD  NW","Palm Bay"
"261918","Brevard","MOALLEM","0.26","49","2619","18","1758","MADDEN AVE  SW","Palm Bay"
"261920","Brevard","MOALLEM","0.24","49","2619","20","1722","MADDEN AVE AVE SW","Palm Bay"
"2621-01","Brevard","MOALLEM","0.31","49","2621","1","790","DIRKSON ST SW","Palm Bay"
"2624-06","Brevard","MOALLEM","0.23","49","2624","6","758","BURGESS ST SW","Palm Bay"
"262713","Brevard","MOALLEM","0.46","49","2627","13","773","PINTA TER  SE","Palm Bay"
"263322","Brevard","MOALLEM","0.26","49","2633","22","899","BOCA CHICA ST SW","Palm Bay"
"265814","Brevard","DAVID MOALLEM TRUST","0.23","50","2658","14","1306","ELDRON BLVD SE","Palm Bay"
"28E","Brevard","MOALLEM","0.52","28","E","","1534","GEORGIA ST NE","Palm Bay"
"32A","Brevard","MOALLEM","0.27","32","1567","9","435","LA COCO ST  SW","Palm Bay"
"32D","Brevard","MOALLEM","2.96","32","D","","1240","DEGROODT RD SW","Palm Bay"
"367A","Brevard","MOALLEM","0.24","36","1762","4","914","HARPER BLVD SW","Palm Bay"
"367B","Brevard","MOALLEM","0.24","36","1762","5","926","HARPER BLVD  SW","Palm Bay"
"4015","Brevard","BUCHANAN","2.21","40","1990","15","591","THOR AVE SE","Palm Bay"
"46A","Brevard","MOALLEM","0.27","46","A","","1690","WICHITA BLVD  SE","Palm Bay"
"491","Brevard","MOALLEM","0.23","49","2552","3","3082","SAGE AVE  SW","Palm Bay"
"49Q","Brevard","MOALLEM","0.43","49","Q","","633","LEAFY RD  SW","Palm Bay"
"82","Brevard","MOALLEM","0.24","25","1331","3","2608","PAIGO ST SE","Palm Bay"
"8F","Brevard","MOALLEM","0.83","8","F","","750","FIRESTONE ST NE","Palm Bay"
"999","Brevard","MOALLEM","0.24","","C","37","999","MANDARIN DR NE","Palm Bay"
"9F","Brevard","DAVID MOALLEM TRUST","0.57","9","F","","3995","JUPITER BLVD SE","Palm Bay"
"A100","Brevard","EMILAND","0.23","23","1110","20","1031","TOWHLEN ST  SE","Palm Bay"
"A117505","Brevard","EMILAND","0.23","24","1175","5","3040","TRIANGLE RD  SE","Palm Bay"
"A131","Brevard","EMILAND","0.24","23","1123","10","1166","WATERFORD ST  SE","Palm Bay"
"A132","Brevard","EMILAND","0.23","23","1123","12","1182","WATERFORD ST SE","Palm Bay"
"A134","Brevard","EMILAND","0.23","23","1123","16","1981","COGAN DR SE","Palm Bay"
"A135","Brevard","EMILAND","0.24","23","1123","19","1951","COGAN DR  SE","Palm Bay"
"A136","Brevard","EMILAND","0.23","23","1123","22","1921","COGAN DR  SE","Palm Bay"
"A14","Brevard","EMILAND","0.27","20","1033","11","482","TUNIS RD SW","Palm Bay"
"A1420-16","Brevard","EMILAND","0.23","30","1420","16","581","FLEETWOOD ST  SW","Palm Bay"
"A15","Brevard","EMILAND","0.24","20","1033","12","490","TUNIS RD SW","Palm Bay"
"A1558-24","Brevard","EMILAND","0.23","32","1558","24","1078","HARLINGEN RD SW","Palm Bay"
"A1748-14","Brevard","EMILAND","0.23","36","1748","14","1217","HARPER BLVD  SW","Palm Bay"
"A174813","Brevard","EMILAND","0.23","36","1748","13","1207","HARPER BLVD  SW","Palm Bay"
"A175716","Brevard","EMILAND","0.23","36","1757","16","1035","GEARY ST  SW","Palm Bay"
"A182","Brevard","EMILAND","0.23","23","1140","12","3104","WENDEL RD SE","Palm Bay"
"A186","Brevard","EMILAND","0.31","23","1143","29","1666","WEIMAN RD  SE","Palm Bay"
"A20","Brevard","EMILAND","0.30","22","868","3","1264","RAYFIELD AVE SE","Palm Bay"
"A233","Brevard","EMILAND","0.23","24","1173","9","1670","COGAN DR  SE","Palm Bay"
"A234","Brevard","SARALAND","0.23","24","1173","10","1678","COGAN DR  SE","Palm Bay"
"A235","Brevard","MPX","0.23","24","1173","11","1686","COGAN DR  SE","Palm Bay"
"A236","Brevard","EMILAND","0.23","24","1173","12","1694","COGAN DR  SE","Palm Bay"
"A251","Brevard","EMILAND","0.23","24","1187","13","3091","TINLEY RD  SE","Palm Bay"
"A252","Brevard","EMILAND","0.24","24","1187","14","0","TINLEY  ","Palm Bay"
"A261","Brevard","EMILAND","0.23","24","1224","2","3183","TELESCA RD  SE","Palm Bay"
"A262","Brevard","EMILAND","0.23","24","1224","3","3155","TELESCA RD  SE","Palm Bay"
"A28","Brevard","EMILAND","0.24","22","874","30","2339","RAMONA AVE  SE","Palm Bay"
"A287","Brevard","EMILAND","0.25","30","1367","16","385","JT SANCHO ST SW","Palm Bay"
"A300","Brevard","EMILAND","0.42","30","1375","30","261","LABRA RD SW","Palm Bay"
"A30C","Brevard","EMILAND","0.23","30","1452","15","3381","POMELLO AVE  SW","Palm Bay"
"A318","Brevard","EMILAND","0.46","30","1417","20","556","FAIRMONT ST  SW","Palm Bay"
"A32","Brevard","EMILAND","0.42","22","879","25","1059","PAPPAS RD SE","Palm Bay"
"A323","Brevard","EMILAND","0.23","30","1450","16","3358","NAVAJO AVE  SW","Palm Bay"
"A324","Brevard","EMILAND","0.23","30","1452","12","3390","FLORALA AVE  SW","Palm Bay"
"A325","Brevard","EMILAND","0.24","30","1452","14","3389","POMELLO AVE  SW","Palm Bay"
"A326","Brevard","EMILAND","0.23","30","1452","16","3373","POMELLO AVE  SW","Palm Bay"
"A33","Brevard","EMILAND","0.35","22","879","26","1055","PAPPAS RD SE","Palm Bay"
"A414","Brevard","EMILAND","0.23","32","1550","7","1079","GARVEY RD  SW","Palm Bay"
"A415","Brevard","EMILAND","0.27","32","1550","8","1091","GARVEY  SW","Palm Bay"
"A420","Brevard","EMILAND","0.23","32","1566","26","452","GARBELMANN ST  SW","Palm Bay"
"A426","Brevard","MOALLEM","0.27","32","1575","10","579","OCEAN SPRAY ST SW","Palm Bay"
"A475","Brevard","EMILAND","0.26","32","1627","1","1160","SEXTON  SW","Palm Bay"
"A489","Brevard","EMILAND","0.25","36","1704","10","1375","DANBURY ST  SW","Palm Bay"
"A512","Brevard","EMILAND","0.23","36","1713","17","417","FRONDA AVE  SW","Palm Bay"
"A513","Brevard","EMILAND","0.23","36","1721","17","556","HURLEY BLVD  SW","Palm Bay"
"A516","Brevard","EMILAND","0.27","36","1722","28","491","HURLEY BLVD  SW","Palm Bay"
"A533","Brevard","EMILAND","0.25","36","1732","24","515","SEARLE AVE SW","Palm Bay"
"A534","Brevard","EMILAND","0.26","36","1733","13","594","SEARLE AVE  SW","Palm Bay"
"A536","Brevard","EMILAND","0.23","36","1733","22","520","SEARLE AVE  SW","Palm Bay"
"A568","Brevard","EMILAND","0.24","36","1745","1","1398","DARLINGTON  SW","Palm Bay"
"A573","Brevard","EMILAND","0.24","36","1746","26","719","DARLINGTON AVE  SW","Palm Bay"
"A58","Brevard","EMILAND","0.27","22","900","1","2490","QUINCY  ","Palm Bay"
"A582","Brevard","EMILAND","0.26","36","1749","1","1298","LANDAU  SW","Palm Bay"
"A615","Brevard","EMILAND","0.23","36","1757","15","1043","GEARY ST  SW","Palm Bay"
"A616","Brevard","EMILAND","0.23","36","1757","21","999","GEARY ST  SW","Palm Bay"
"A623","Brevard","EMILAND","0.26","36","1765","13","994","YOUTZY ST SW","Palm Bay"
"A640","Brevard","EMILAND","0.25","37","1646","1","744","GEOFFREY AVE  SW","Palm Bay"
"A641","Brevard","EMILAND","0.26","37","1646","2","713","GEOFFREY AVE  SW","Palm Bay"
"A642","Brevard","EMILAND","0.26","37","1646","12","760","SCHEAN AVE  SW","Palm Bay"
"A664","Brevard","EMILAND","0.23","37","1652","18","828","MICCO ST  SW","Palm Bay"
"A667","Brevard","EMILAND","0.23","37","1652","28","843","GELASO  SW","Palm Bay"
"A668","Brevard","EMILAND","0.23","37","1652","29","829","GELASO ST  SW","Palm Bay"
"A672","Brevard","EMILAND","0.29","37","1653","19","887","KALIF AVE SW","Palm Bay"
"A679","Brevard","EMILAND","0.24","37","1656","8","551","HARRISBURG ST  SW","Palm Bay"
"A681","Brevard","EMILAND","0.24","37","1661","26","797","SCHUSTER  SW","Palm Bay"
"A685","Brevard","EMILAND","0.29","37","1663","12","773","DANIELS AVE  SW","Palm Bay"
"A712","Brevard","EMILAND","0.75","40","1990","18","586","MARTIN RD SE","Palm Bay"
"A96","Brevard","EMILAND","0.23","23","1110","9","1042","WESLACO ST  SE","Palm Bay"
"A97","Brevard","EMILAND","0.23","23","1110","11","1030","WESLACO ST  SE","Palm Bay"
"A99","Brevard","EMILAND","0.23","23","1110","19","1025","TOWHLEN ST  SE","Palm Bay"
"Adams","Brevard","MOALLEM","0.25","","B","34","2053","ADAMS AVE ","Melbourne"
"AX196","Brevard","EMILAND","0.23","32","1566","25","440","GARBELMANN ST.  SW","Palm Bay"
"Babcock","Brevard","MOALLEM","0.60","","328","","7115","BABCOCK ST SE","Palm Bay"
"BeeLine2","Brevard","MOALLEM","0.97","","","373","0","BEELINE  ","Brevard County"
"BeeLine3","Brevard","MOALLEM","0.96","","","408","0","BEELINE  ","Brevard County"
"C079513","Brevard","MOALLEM","0.29","16","795","13","1698","SAIPAN ST SE","Palm Bay"
"C092222","Brevard","MOALLEM","0.26","18","922","22","1501","TOY  SE","Palm Bay"
"C093944","Brevard","MOALLEM","0.28","18","939","44","1610","WAINWRIGHT ST SE","Palm Bay"
"C094311","Brevard","MOALLEM","0.27","18","943","11","1941","WAVERLY AVE SE","Palm Bay"
"C110527","Brevard","MOALLEM","0.23","23","1105","27","971","WHEATLEY ST SE","Palm Bay"
"C144317","Brevard","MOALLEM","0.23","30","1443","17","551","FONDULAC ST SW","Palm Bay"
"C31C","Brevard","MOALLEM/PIRZADEH","2.98","31","C","","2250","DEGROODT RD SW","Palm Bay"
"C31D","Brevard","MOALLEM/PIRZADEH","3.01","31","D","","2300","DE GROODT RD SW","Palm Bay"
"CanalR/W","Brevard","MOALLEM","","","","1.2","0","  ","Brevard County"
"CG15-26","Brevard","MOALLEM","1.26","","15","26","0","  ","Palm Bay"
"CG32","Brevard","MOALLEM","77.42","","500.2","","0","  ","Canaveral Groves"
"CG32-1","undefined","MOALLEM","2.73","","","","","  ","Canaveral Groves"
"CG4-20","Brevard","MOALLEM","1.26","","4","20","0","  ","Canaveral Groves"
"E30F","Brevard","MOALLEM/PIRZADEH","5.32","30","F","","2960","DE GROODT  SW","Palm Bay"
"H0748-31","Brevard","SARASEA LLC","0.23","16","748","31","1487","VAN CAMP AVE SE","Palm Bay"
"H099804","Brevard","SARASEA LLC","0.39","20","998","4","240","SARAH RD SW","Palm Bay"
"H151509","Brevard","SARASEA LLC","0.23","31","1515","9","2585","HAGOPLAN AVE SW","Palm Bay"
"H151510","Brevard","SARASEA LLC","0.23","31","1515","10","2595","HAGOPLAN AVE SW","Palm Bay"
"H2082-33","Brevard","SARASEA LLC","0.24","46","2082","33","2897","DERBY AVE SE","Palm Bay"
"Harrison2","Brevard","MOALLEM","4.66","","3","8","5200","HARRISON RD ","Palm Bay"
"Harrison3","Brevard","MOALLEM","2.39","","4","3","0","OFF HARRISON RD ","Palm Bay"
"HE1/2Harrison","undefined","SARASEA LLC","2.48","","5","","0","HARRISON RD ","Palm Bay"
"Hharrison","Brevard","SARASEA LLC","9.92","","5","","0","HARRISON RD ","Brevard County"
"I15D","Brevard","MOALLEM","11.67","15","D","","1031","ULSTER AVE  SE","Palm Bay"
"I26A","Brevard","MOALLEM","12.87","26","A","","550","HILLSDALE AVE  NW","Palm Bay"
"I30J","Brevard","MOALLEM","12.65","30","J","","450","LA GORGE ST  SW","Palm Bay"
"IPP","Brevard","IPP","1.45","28","2206","28","1663","GEORGIA ST  NE","Palm Bay"
"IPP2565-14","Brevard","IPP","0.23","49","2565","14","2846","SAGE AVE SW","Palm Bay"
"IPP258214","Brevard","IPP","0.26","49","2582","14","803","SALTWATER ST SW","Palm Bay"
"JAM1988-12","Brevard","MOALLEM","0.73","40","1988","12","401","THOR AVE SE","Palm Bay"
"King","Brevard","MOALLEM","0.52","","261.1","","3601","KING W. ST ","Cocoa"
"L271738","Brevard","MOALLEM / LEXINGTON","0.25","50","2717","38","558","SAUDERS RD SE","Palm Bay"
"MA231","Brevard","MOALLEM","0.23","24","1171","6","934","TOLSON ST SE","Palm Bay"
"MP01","Brevard","","","","1","1","0","  SE","Palm Bay"
"MP1","Brevard","MOALLEM","","","1","4","0","UNDERHILL AVE  SE","Palm Bay"
"MP11","Brevard","MOALLEM","","","11","","0","MELBOURNE PINES  ","Palm Bay"
"MP12","Brevard","MOALLEM","","","12","","0","UNDERHILL AVE  SE","Palm Bay"
"MP13","Brevard","MOALLEM","","","13","1","0","UNDERHILL AVE  SE","Palm Bay"
"MP15","Brevard","MOALLEM","","","15","1","0","UNDERHILL AVE  SE","Palm Bay"
"MP17","Brevard","MOALLEM","","","17","","0","UNDERHILL AVE  SE","Palm Bay"
"MP18","Brevard","MOALLEM","","","18","","0","UNDERHILL AVE  SE","Palm Bay"
"MP19","Brevard","MOALLEM","","","19","","0","UNDERHILL AVE  SE","Palm Bay"
"MP2","Brevard","MOALLEM","","","2","10","0","  ","Palm Bay"
"MP20","Brevard","MOALLEM","","","20","","0","UNDERHILL AVE  SE","Palm Bay"
"MP21","Brevard","MOALLEM","","","21","","0","UNDERHILL AVE  ","Palm Bay"
"MP22","Brevard","MOALLEM","","","22","","0","  SE","Palm Bay"
"MP23","Brevard","MOALLEM","","","23","","0","UNDERHILL AVE  SE","Palm Bay"
"MP24","Brevard","MOALLEM","","","24","","0","UNDERHILL AVE  SE","Palm Bay"
"MP28","Brevard","MOALLEM","","","28","5","0","UNDERHILL AVE  ","Palm Bay"
"MP29","Brevard","MOALLEM","","","29","","0","UNDERHILL AVE  SE","Palm Bay"
"MP30","Brevard","MOALLEM","","","30","","0","UNDERHILL AVE  SE","Palm Bay"
"MP4","Brevard","MOALLEM","0.82","","4","1","0","UNDERHILL AVE  SE","Palm Bay"
"MP46","Brevard","MOALLEM","0.14","","46","11","1531","AGNES AVE SE","Palm Bay"
"MP7","Brevard","MOALLEM","0.69","","7","1","0","UNDERHILL AVE  SE","Palm Bay"
"MP751","Brevard","MOALLEM","","","751","","0","UNDERHILL  SE","Palm Bay"
"MP8","Brevard","MOALLEM","","","8","","0","UNDERHILL AVE  SE","Palm Bay"
"MP9","Brevard","MOALLEM","","","9","","0","MELBOURNE PINES  ","Palm Bay"
"MS254310","Brevard","MOALLEM","0.46","49","2543","10,11","660","SANDELWOOD ST SW","Palm Bay"
"MS254311","Brevard","SARALAND","0.23","49","2543","11","644","SANDLEWOOD ST  SW","Palm Bay"
"ms254312","Brevard","DAVID MOALLEM TRUST","0.23","49","2543","12","628","SANDLEWOOD ST SW","Palm Bay"
"MS255516","Brevard","","","49","2555","16","","  ","Palm Bay"
"MS255902","Brevard","","","49","2559","2","","  ","Palm Bay"
"MS255922","Brevard","","","49","2559","22","","  ","Palm Bay"
"MS256226","Brevard","","","49","2562","26","","  ","Palm Bay"
"MS257105","Brevard","MOALLEM","","49","2571","5","","  ","Palm Bay"
"MS257221","Brevard","","","49","2572","21","","  ","Palm Bay"
"MS257230","Brevard","","","49","2572","30","","  ","Palm Bay"
"MS257232","Brevard","MOALLEM","","49","2572","32","","  ","Palm Bay"
"MS257235","Brevard","MOALLEM","0.23","49","2572","35","2784","QUEBEC  AVE SW","Palm Bay"
"MS258402","Brevard","MOALLEM","","49","2584","2","","  ","Palm Bay"
"MS259310","Brevard","MOALLEM","","49","2593","10","2369","ABACO AVE SW","Palm Bay"
"MS259312","Brevard","MOALLEM","","49","2593","12","","  ","Palm Bay"
"MS259316","Brevard","MOALLEM","","49","2593","16","","  ","Palm Bay"
"MS259327","Brevard","MOALLEM","0.23","49","2593","27","2486","ANDROS AVE SW","Palm Bay"
"MS259405","Brevard","MOALLEM","0.23","49","2594","3","2473","BOLTON AVE SW","Palm Bay"
"MS260918","Brevard","MOALLEM","","49","2609","18","1920","CONKLING AVE SW","Palm Bay"
"MS2619-02","Brevard","DAVID MOALLEM TRUST","0.46","49","2619","2,03","891","BOMBARDIER BLVD SW","Palm Bay"
"MSTD255803","Brevard","MOALLEM","0.23","49","2558","3","768","SUNSHINE ST SW","Palm Bay"
"OffBabcock","Brevard","MOALLEM","0.88","","9","26","0","CAPE KENNEDY GROVES  ","Brevard County"
"P10C","Brevard","MOALLEM","1.21","10","C","","291","DECORDRE RD SE","Palm Bay"
"P10D","Brevard","MOALLEM","0.53","10","D","","256","ELDRON BLVD SE","Palm Bay"
"P19A","Brevard","MOALLEM","1.70","19","A","","355","TIPTON RD  SW","Palm Bay"
"P19G","Brevard","MOALLEM","1.99","19","G","","511","TROY RD  SW","Palm Bay"
"P24A","Brevard","MOALLEM","3.24","24","A","","2850","TISHMAN RD SE","Palm Bay"
"P25A","Brevard","MOALLEM","4.73","25","A","","260","LATHAM ST SE","Palm Bay"
"P30C","Brevard","MOALLEM","2.93","30","C","","275","HAINES RD SW","Palm Bay"
"P30E","Brevard","MOALLEM","2.32","30","E","","501","FONSICA ST SW","Palm Bay"
"P30M","Brevard","MOALLEM","1.30","30","M","","251","FINCH ST SW","Palm Bay"
"P31A","Brevard","MOALLEM","2.72","31","A","","390","HANFORD RD SW","Palm Bay"
"P31B","Brevard","MOALLEM","1.15","31","B","","2175","GANDY RD SW","Palm Bay"
"P32N","Brevard","MOALLEM","1.77","32","N","","1510","DEGROODT RD SW","Palm Bay"
"P36E","Brevard","MOALLEM","1.91","36","E","","945","HARPER BLVD SW","Palm Bay"
"PMIP10","Brevard","MOALLEM","4.45","","6","10","1085","CLEARMONT ST NE","Palm Bay"
"PMIPC","Brevard","MOALLEM","0.46","","C","","2151","FRANKLIN DR  NE","Palm Bay"
"S011402","Brevard","SARALAND","0.23","6","114","2","511","DREXEL AVE NE","Palm Bay"
"S057223","Brevard","SARALAND","0.24","14","572","23","475","CARPENTER AV  NW","Palm Bay"
"S058819","Brevard","SARALAND","0.28","14","588","19","946","DORCHESTER RD  NW","Palm Bay"
"S070107","Brevard","SARALAND","0.23","15","701","7","1350","FOUNDATION PARK BLVD SE","Palm Bay"
"S074812","Brevard","SARALAND","0.23","16","748","12","1498","VAN BUREN AVE SE","Palm Bay"
"S075530","Brevard","SARALAND","0.23","16","755","30","1257","WABASH RD SE","Palm Bay"
"S076322","Brevard","SARALAND","0.23","16","763","22","1299","PACKER RD SE","Palm Bay"
"S076605","Brevard","SARALAND","0.24","16","766","5","770","SAN FILIPPO DR ","Palm Bay"
"S077015","Brevard","SARALAND","0.28","16","770","15","1215","PAGADO RD SE","Palm Bay"
"S077016","Brevard","SARALAND","0.23","16","770","16","1229","PAGADO RD SE","Palm Bay"
"S080208","Brevard","SARALAND","0.24","16","802","8","1557","PAINTER ST SE","Palm Bay"
"S082815","Brevard","SARALAND","0.26","17","828","15","1075","WELCH RD  SE","Palm Bay"
"S082816","Brevard","SARALAND","0.27","17","828","16","1091","WELCH RD  SE","Palm Bay"
"S083506","Brevard","SARALAND","0.27","17","835","6","1671","THARP RD  SE","Palm Bay"
"S083910","Brevard","SARALAND","0.24","17","839","10","1228","THERESA ST  SE","Palm Bay"
"S084026","Brevard","SARALAND","0.23","17","840","26","1805","SANDIA RD  SE","Palm Bay"
"S084905","Brevard","SARALAND","0.36","17","849","5","907","SANGER ST SE","Palm Bay"
"S084921","Brevard","SARALAND","0.26","17","849","21","1835","RAINTREE AVE SE","Palm Bay"
"S084937","Brevard","SARALAND","0.23","17","849","37","1030","TETZEL ST  SE","Palm Bay"
"S084938","Brevard","SARALAND","0.23","17","849","38","1020","TETZEL ST  SE","Palm Bay"
"S084939","Brevard","SARALAND","0.26","17","849","39","1010","TETZEL ST  SE","Palm Bay"
"S085503","Brevard","SARALAND","0.25","17","855","3","2195","TEA AVE SE","Palm Bay"
"S085711","Brevard","SARALAND","0.24","17","857","11","2118","THAMES RD  SE","Palm Bay"
"S086904","Brevard","SARALAND","0.24","22","869","4","1328","RABBIT ST  SE","Palm Bay"
"S0888-11","undefined","SARALAND","0.24","22","888","11","0","ELDRON BLVD SE","Palm Bay"
"S088810","Brevard","SARALAND","0.23","22","888","10","990","PANDORA RD SE","Palm Bay"
"S088811","Brevard","SARALAND","0.24","22","888","11","0","PANDORA RD SE","Palm Bay"
"S088813","Brevard","SARALAND","0.24","22","888","13","2482","QUEENS ST SE","Palm Bay"
"S090407","Brevard","SARALAND","0.24","22","904","7","1171","COGAN DR  SE","Palm Bay"
"S090415","Brevard","SARALAND","0.24","22","904","15","2580","QUANTICO AV  SE","Palm Bay"
"S090416","Brevard","SARALAND","0.24","22","904","16","2570","QUANTICO AV  SE","Palm Bay"
"S090417","Brevard","SARALAND","0.24","22","904","17","2560","QUANTICO AV  SE","Palm Bay"
"S092821","Brevard","SARALAND","0.23","18","928","21","1641","WALTZ ST  SE","Palm Bay"
"S092822","Brevard","SARALAND","0.23","18","928","22","1633","WALTZ ST  SE","Palm Bay"
"S093914","Brevard","SARALAND","0.26","18","939","14","1367","SAN FILIPPO DR SE","Palm Bay"
"S096203","Brevard","SARALAND","0.23","18","962","3","1680","SANTONIAN ST  SE","Palm Bay"
"S098301","Brevard","SARALAND","0.24","20","983","1","191","WATOGA AVE SW","Palm Bay"
"S098825","Brevard","SARALAND","0.24","20","988","25","1028","THOMPSON RD SW","Palm Bay"
"S103044","Brevard","SARALAND","0.25","20","1030","44","501","WILDWOOD AVE SW","Palm Bay"
"S104908","Brevard","SARALAND","0.23","20","1049","8","2108","JUPITER BLVD.  SW","Palm Bay"
"S105302","Brevard","SARALAND","0.24","20","1053","2","700","BRYANT RD  SW","Palm Bay"
"S106913","Brevard","SARALAND","0.29","19","1069","13","100","TUCSON RD SW","Palm Bay"
"S107010","Brevard","SARALAND","0.24","19","1070","10","429","SANTO DOMINGO AVE SW","Palm Bay"
"S107226","Brevard","SARALAND","0.23","19","1072","26","328","SAN LUIS ST SW","Palm Bay"
"S107310","Brevard","SARALAND","0.24","19","1073","10","255","SANTA MARTIA ST  SW","Palm Bay"
"S107930","Brevard","SARALAND","0.24","19","1079","30","406","SARAGASSA AV  SW","Palm Bay"
"S110403","Brevard","SARALAND","0.24","23","1104","3","2821","QUENTIN AVE SE","Palm Bay"
"S117205","Brevard","SARALAND","0.23","24","1172","5","950","WESLACO ST  SE","Palm Bay"
"S118803","Brevard","SARALAND","0.24","24","1188","3","2998","TINLEY RD  SE","Palm Bay"
"S120214","Brevard","SARALAND","0.25","24","1202","14","801","BROOKFIELD ST SE","Palm Bay"
"S126228","Brevard","SARALAND","0.28","25","1262","28","199","FOLEY ST SE","Palm Bay"
"S126303","Brevard","SARALAND","0.25","25","1263","3","100","FOLEY ST SE","Palm Bay"
"S126410","Brevard","SARALAND","0.23","25","1264","10","3281","FIR AVE SE","Palm Bay"
"S126415","Brevard","SARALAND","0.23","25","1264","15","3280","HEWITT AV  SE","Palm Bay"
"S126416","Brevard","SARALAND","0.23","25","1264","16","3270","HEWITT AV  SE","Palm Bay"
"S130803","Brevard","SARALAND","0.24","25","1308","3","3121","SAN FILIPPO DR  SE","Palm Bay"
"S135218","Brevard","SARALAND","0.24","25","1352","18","101","FELL ST  SE","Palm Bay"
"S139020","Brevard","SARALAND","0.25","30","1390","20","113","LAMARQUE ST  SW","Palm Bay"
"S139021","Brevard","SARALAND","0.24","30","1390","21","125","LAMARQUE ST  SW","Palm Bay"
"S139108","Brevard","SARALAND","0.24","30","1391","8","3077","CAMBRIA AV  SW","Palm Bay"
"S139712","Brevard","SARALAND","0.25","30","1397","12","3399","LAGOON ST SW","Palm Bay"
"S142306","Brevard","SARALAND","0.23","30","1423","6","542","FLEETWOOD ST  SW","Palm Bay"
"S143210","Brevard","SARALAND","0.24","30","1432","10","3028","FERDON AV  SW","Palm Bay"
"S143717","Brevard","SARALAND","0.24","30","1437","17","463","LA GORCE ST  SW","Palm Bay"
"S143813","Brevard","","0.23","30","1438","13","3181","FRANTZ AV  SW","Palm Bay"
"S143904","Brevard","","0.23","30","1439","4","3131","FITZPATRICK AV  SW","Palm Bay"
"S144302","Brevard","SARALAND","0.23","30","1443","2","510","LA GORCE ST  SW","Palm Bay"
"S144303","Brevard","SARALAND","0.23","30","1443","3","520","LA GORCE ST  SW","Palm Bay"
"S144603","Brevard","SARALAND","0.23","30","1446","3","520","HALKETT ST  SW","Palm Bay"
"S144604","Brevard","SARALAND","0.23","30","1446","4","530","HALKETT ST  SW","Palm Bay"
"S145008","Brevard","","0.23","30","1450","8","440","HALIFAX ST  SW","Palm Bay"
"S165825","Brevard","SARALAND","0.31","37","1658","25","511","HARRISBURG ST  SW","Palm Bay"
"S165915","Brevard","SARALAND","0.23","37","1659","15","810","DAMEK TER  SW","Palm Bay"
"S168217","Brevard","SARALAND","0.26","37","1682","17","798","SCODELLA ST SW","Palm Bay"
"S168514","Brevard","SARALAND","0.23","37","1685","14","773","DE GROODT RD  SW","Palm Bay"
"S173544","Brevard","SARALAND","0.23","36","1735","44","1388","GIDEON ST  SW","Palm Bay"
"S173545","Brevard","SARALAND","0.23","36","1735","45","1380"," GIDEON ST  SW","Palm Bay"
"S173546","Brevard","SARALAND","0.23","36","1735","46","1372","GIDEON ST  SW","Palm Bay"
"S173549","Brevard","SARALAND","0.23","36","1735","49","1348","GIDEON ST  SW","Palm Bay"
"S173552","Brevard","SARALAND","0.23","36","1735","52","1324","GIDEON ST  SW","Palm Bay"
"S173554","Brevard","SARALAND","0.23","36","1735","54","1308","GIDEON ST  SW","Palm Bay"
"S173557","Brevard","SARALAND","0.23","36","1735","57","1296","GIDEON ST SW","Palm Bay"
"S175717","Brevard","SARALAND","0.23","36","1757","17","1027","GEARY ST  SW","Palm Bay"
"S175905","Brevard","SARALAND","0.23","36","1759","5","950","GEARY ST  SW","Palm Bay"
"S176611","Brevard","SARALAND","0.23","36","1766","11","871","DALHART AV  SW","Palm Bay"
"S176633","Brevard","SARALAND","0.27","36","1766","33","880","HAVELOCK AV  SW","Palm Bay"
"S183709","Brevard","SARALAND","0.23","39","1837","9","430","KRASSNER DR  NW","Palm Bay"
"S184622","Brevard","SARALAND","0.24","39","1846","22","1726","HAYWORTH CIR  NW","Palm Bay"
"S184717","Brevard","SARALAND","0.23","39","1847","17","1761","HAYWORTH CIR  NW","Palm Bay"
"S185315","Brevard","SARALAND","0.24","41","1853","15","508","PLUMBAGO RD NW","Palm Bay"
"S185926","Brevard","SARALAND","0.24","41","1859","26","641","KRASSNER DR  NW","Palm Bay"
"S186322","Brevard","SARALAND","0.23","41","1863","22","448","PRIVET CT  NW","Palm Bay"
"S186515","Brevard","SARALAND","0.30","41","1865","15","435","BAHIA CT  NW","Palm Bay"
"S186815","Brevard","SARALAND","0.23","41","1868","15","351","WISTERIA AV  NW","Palm Bay"
"S187702","Brevard","SARALAND","0.26","41","1877","2","1890","BERMUDA CT  NW","Palm Bay"
"S189019","Brevard","SARALAND","0.26","41","1890","19","1706","ORCHID CT  NW","Palm Bay"
"S189204","Brevard","SARALAND","0.24","26","1892","4","543","HOBART AV  NW","Palm Bay"
"S189302","Brevard","SARALAND","0.25","26","1893","2","1385","GINGOLD ST NW","Palm Bay"
"S189413","Brevard","SARALAND","0.29","26","1894","13","502","HILLSDALE AVE ","Palm Bay"
"S190805","Brevard","SARALAND","0.27","26","1908","5","306","DORCHESTER ST NW","Palm Bay"
"S191011","Brevard","SARALAND","0.24","26","1910","11","205","BIARRITZ ST NW","Palm Bay"
"S191014","Brevard","SARALAND","0.24","26","1910","14","1161","BIARRITZ ST  NW","Palm Bay"
"S191110","Brevard","SARALAND","0.26","26","1911","10","202","JOY HAVEN AVE NW","Palm Bay"
"S208247","Brevard","SARALAND","0.24","46","2082","47","2983","DERBY AVE SE","Palm Bay"
"S209909","Brevard","SARALAND","0.25","21","2099","9","140","DONNA RD  NE","Palm Bay"
"S226511","Brevard","SARALAND","0.27","44","2265","11","1897","VAUXHALL ST NW","Palm Bay"
"S253007","Brevard","SARALAND","0.25","49","2530","7","708","OWL ST  SW","Palm Bay"
"S253225","Brevard","SARALAND","0.23","49","2532","25","3306","SPARROW AVE SW","Palm Bay"
"S253313","Brevard","SARALAND","0.23","49","2533","13","3237","MOCKINGBIRD AV  SW","Palm Bay"
"S253323","Brevard","SARALAND","0.23","49","2533","23","3278","HUMMINGBIRD AV  SW","Palm Bay"
"S253501","Brevard","SARALAND","0.36","49","2535","1","3100","SAGE AVE SW","Palm Bay"
"S253602","Brevard","SARALAND","0.23","49","2536","2","886","NIGHTENGALE ST  SW","Palm Bay"
"S253708","Brevard","SARALAND","0.23","49","2537","8","838","BLUEJAY ST  SW","Palm Bay"
"S253722","Brevard","SARALAND","0.23","49","2537","22","879","NIGHTENGALE ST ST SW","Palm Bay"
"S253723","Brevard","SARALAND","0.23","49","2537","23","887"," NIGHTENGALE ST ST SW","Palm Bay"
"S253905","Brevard","SARALAND","0.23","49","2539","5","862","WREN ST  SW","Palm Bay"
"S253911","Brevard","SARALAND","0.23","49","2539","11","814","WREN ST  SW","Palm Bay"
"S253919","Brevard","SARALAND","0.23","49","2539","19","855","ROBIN ST  SW","Palm Bay"
"S254005","Brevard","SARALAND","0.23","49","2540","5","3167","SAGE AV  SW","Palm Bay"
"S254314","Brevard","SARALAND","0.27","49","2543","14","600","SANDLEWOOD ST SW","Palm Bay"
"S254315","Brevard","SARALAND","0.27","49","2543","15","601","HOJA ST SW","Palm Bay"
"S254521","Brevard","SARALAND","0.23","49","2545","21","709","MISTLETOE ST  SW","Palm Bay"
"S254706","Brevard","SARALAND","0.23","49","2547","6","3131","NIGHTHAWK AV  SW","Palm Bay"
"S254915","Brevard","SARALAND","0.23","49","2549","15","642","OPAL ST  SW","Palm Bay"
"S255206","Brevard","SARALAND","0.23","49","2552","6","3058","SAGE AV  SW","Palm Bay"
"S255214","Brevard","SARALAND","0.23","49","2552","14","2994","SAGE AV  SW","Palm Bay"
"S255218","Brevard","SARALAND","0.23","49","2552","18","2962","SAGE AV  SW","Palm Bay"
"S255328","Brevard","SARALAND","0.23","49","2553","28","3042","ROSEMARY AV  SW","Palm Bay"
"S255521","Brevard","SARALAND","0.23","49","2555","21","2942","LIBBY AV  SW","Palm Bay"
"S255614","Brevard","SARALAND","0.23","49","2556","14","614","DOLOND ST  SW","Palm Bay"
"S255624","Brevard","SARALAND","0.23","49","2556","24","713","OPAL ST  SW","Palm Bay"
"S255722","Brevard","SARALAND","0.23","49","2557","22","685","DOLOND ST  SW","Palm Bay"
"S255725","Brevard","SARALAND","0.23","49","2557","25","727","DOLOND ST  SW","Palm Bay"
"S255729","Brevard","SARALAND","0.23","49","2557","29","783","DOLOND ST  SW","Palm Bay"
"S256102","Brevard","SARALAND","0.23","49","2561","2","789","SPOONBILL ST  SW","Palm Bay"
"S256306","Brevard","SARALAND","0.23","49","2563","6","2865","BASIL AV  SW","Palm Bay"
"S256318","Brevard","SARALAND","0.26","49","2563","18","2814","MADDEN AV  SW","Palm Bay"
"S256518","Brevard","SARALAND","0.47","49","2565","18","2822","SAGE AV  SW","Palm Bay"
"S256519","Brevard","SARALAND","0.27","49","2565","19","2816","SAGE AV  SW","Palm Bay"
"S256938","Brevard","SARALAND","0.24","49","2569","38","685","LAIKA RD  SW","Palm Bay"
"S256944","Brevard","SARALAND","0.29","49","2569","44","601","LAIKA RD  SW","Palm Bay"
"S257307","Brevard","SARALAND","0.25","49","2573","7","815","LAIKA RD  SW","Palm Bay"
"S257317","Brevard","SARALAND","0.58","49","2573","17","2796","GINGER AV  SW","Palm Bay"
"S257318","Brevard","SARALAND","0.24","49","2573","18","2772","GINGER AV  SW","Palm Bay"
"S257823","Brevard","SARALAND","0.47","49","2578","23","827","SANDOLLAR ST  SW","Palm Bay"
"S258528","Brevard","SARALAND","0.26","49","2585","28","891","SAILBOAT ST  SW","Palm Bay"
"S258529","Brevard","SARALAND","0.45","49","2585","29","899","SAILBOAT ST  SW","Palm Bay"
"S258530","Brevard","SARALAND","0.36","49","2585","30","2500","GINGER AV  SW","Palm Bay"
"S258531","Brevard","SARALAND","0.23","49","2585","31","2510","GINGER AV  SW","Palm Bay"
"S258613","Brevard","SARALAND","0.23","49","2586","13","817","OLIVIA ST  SW","Palm Bay"
"S258622","Brevard","SARALAND","0.23","49","2586","22","850","WISEMAN ST  SW","Palm Bay"
"S258629","Brevard","SARALAND","0.30","49","2586","29","2496","BOLTON AV  SW","Palm Bay"
"S258643","Brevard","SARALAND","0.47","49","2586","43","2300","BOLTON AV  SW","Palm Bay"
"S258701","Brevard","SARALAND","0.27","49","2587","1","797","MADDEN AVE SW","Palm Bay"
"S259328","Brevard","SARALAND","0.27","49","2593","28","2498","ANDROS AVE SW","Palm Bay"
"S259601","Brevard","SARALAND","0.33","49","2596","1","1874","ALWAR AVE SW","Palm Bay"
"S259616","Brevard","SARALAND","0.26","49","2596","16","2291","HIBISCUS AVE SW","Palm Bay"
"S259705","Brevard","SARALAND","0.23","49","2597","5","2171","ALWAR AV  SW","Palm Bay"
"S260201","Brevard","SARALAND","0.24","49","2602","1","2199","DAY AV  SW","Palm Bay"
"S260213","Brevard","SARALAND","0.23","49","2602","13","2107","DAY AV  SW","Palm Bay"
"S260616","Brevard","SARALAND","0.23","49","2606","16","637","HERON RD  SW","Palm Bay"
"S260714","Brevard","SARALAND","0.25","49","2607","14","701","MERRY ST SW","Palm Bay"
"S260723","Brevard","SARALAND","0.23","49","2607","23","825","MERRY ST  SW","Palm Bay"
"S260803","Brevard","SARALAND","0.23","49","2608","3","2132","ALWAR AV  SW","Palm Bay"
"S260850","Brevard","SARALAND","0.23","49","2608","50","780","BOMBARDIER  SW","Palm Bay"
"S260930","Brevard","SARALAND","0.36","49","2609","30","861","NOVAK ST SW","Palm Bay"
"S261023","Brevard","SARALAND","0.23","49","2610","23","1970","GOODREAU AV  SW","Palm Bay"
"S261026","Brevard","SARALAND","0.23","49","2610","26","1998","GOODREAU AV  SW","Palm Bay"
"S261602","Brevard","SARALAND","0.29","49","2616","2","1997","DAY AV  SW","Palm Bay"
"S261904","Brevard","SARALAND","0.23","49","2619","4","871","BOMBARDIER BLVD SW","Palm Bay"
"S261913","Brevard","SARALAND","0.23","49","2619","13","791","BOMBARDIER AVE SW","Palm Bay"
"S262001","Brevard","SARALAND","0.28","49","2620","1","1897","GARVEY  SW","Palm Bay"
"S262020","Brevard","SARALAND","0.23","49","2620","20","673","BOMBARDIER BLVD SW","Palm Bay"
"S262023","Brevard","SARALAND","0.23","49","2620","23","701","BOMBARDIER  SW","Palm Bay"
"S262024","Brevard","SARALAND","0.23","49","2620","24","711","BOMBARDIER  SW","Palm Bay"
"S262025","Brevard","SARALAND","0.23","49","2620","25","721","BOMBARDIER  SW","Palm Bay"
"S262028","Brevard","SARALAND","0.34","49","2620","28","751","BOMBARDIER  SW","Palm Bay"
"S262325","Brevard","SARALAND","0.32","49","2623","25","791","MADDEN AVE SW","Palm Bay"
"S262412","Brevard","SARALAND","0.23","49","2624","12","710","BURGESS ST  SW","Palm Bay"
"S262413","Brevard","SARALAND","0.32","49","2624","13","702","BURGESS ST SW","Palm Bay"
"S262508","Brevard","SARALAND","0.23","49","2625","8","742","PERKINS ST  SW","Palm Bay"
"S262509","Brevard","SARALAND","0.23","49","2625","9","734","PERKINS ST  SW","Palm Bay"
"S262512","Brevard","SARALAND","0.23","49","2625","12","710","PERKINS ST  SW","Palm Bay"
"S262513","Brevard","SARALAND","0.32","49","2625","13","702","DRAKE AVE SW","Palm Bay"
"S262519","Brevard","SARALAND","0.23","49","2625","19","743","BURGESS ST  SW","Palm Bay"
"S262724","Brevard","SARALAND","0.24","49","2627","24","685","PINTA TERR  SW","Palm Bay"
"S265908","Brevard","SARALAND","0.22","50","2659","8","1390","ELDORAN BLVD SE","Palm Bay"
"S274106","Brevard","SARALAND","0.27","50","2741","6","999","HATTARAS TER  SE","Palm Bay"
"S494","Brevard","SARALAND","0.23","49","2620","21","685","BOMBARDIER BLVD SW","Palm Bay"
"SCM1","Brevard","","0.23","25","1351","29","137","FELDMAN ST SE","Palm Bay"
"SCM54625","Brevard","","0.41","12","546","25","680","AGUERO AVE SE","Palm Bay"
"SFCP","Brevard","MOALLEM","1.85","","C","","64","SAN FILIPPO DR SE","Palm Bay"
"SW17","Brevard","MOALLEM","1.25","","468","","0","  ","Canaveral Groves"
"SW18","Brevard","MOALLEM","4.91","","","79","0","  ","Canaveral Groves"
"SW19","Brevard","MOALLEM","2.52","","27","7","0","  ","Canaveral Groves"
"SW20","Brevard","MOALLEM","1.78","","1","4","0","  ","Canaveral Groves"
"SW21","Brevard","MOALLEM","2.39","","4","26","","TAMARLA AVE ","Canaveral Groves"
"SW22","Brevard","MOALLEM","2.74","","2.G","9.04","0","  ","Canaveral Groves"
"SW24","Brevard","MOALLEM","3.41","","2.G","46.05","0","  ","Canaveral Groves"
"SX373","Brevard","SARALAND","0.23","30","1446","16","561","FIREBRAND ST  SW","Palm Bay"
"T110001","Brevard","MOALLEM/THOMPSON","0.27","19","1100","1","505","SANTO DOMINGO AVE SW","Palm Bay"
"T110002","Brevard","MOALLEM/THOMPSON","0.23","19","1100","2","515","SANTO DOMINGO AVE SW","Palm Bay"
"T110025","Brevard","MOALLEM/THOMPSON","0.23","19","1100","25","0","DE GROODT  SW","Palm Bay"
"T110026","Brevard","MOALLEM/THOMPSON","0.28","19","1100","26","0","DE GROODT  SW","Palm Bay"
"T110103","Brevard","MOALLEM/THOMPSON","0.23","19","1101","3","529","DE GROODT  SE","Palm Bay"
"T256115","Brevard","MOALLEM","0.23","49","2561","15","711","SPOONBILL ST SW","Palm Bay"
"T49J","Brevard","MOALLEM/THOMPSON","4.27","49","J","","843","OSMOSIS DR SW","Palm Bay"
"TD104501","Brevard","MOALLEM","0.26","20","1045","1","800","WAKAW LN SW","Palm Bay"
"TD1131-14","Brevard","MOALLEM","0.29","23","1131","14","3295","TORGERSON RD SE","Palm Bay"
"TD1486-06","Brevard","MOALLEM","0.23","31","1486","6","438","LAFAYETTE ST SW","PALM BAY"
"TD1513-22","Brevard","MOALLEM","0.23","31","1513","22","451","OLNEY ST SW","PALM BAY"
"TD151508","Brevard","SARASEA LLC","0.23","31","1515","8","2575","HAGOPLAN AVE SW","Palm Bay"
"TD1540-17","Brevard","MOALLEM","0.26","31","1540","17","303","GASTIN ST SW","Palm Bay"
"TD156106","Brevard","DAVID MOALLEM TRUST","0.24","32","1561","6","550","SCANLON RD SW","Palm Bay"
"TD254014","Brevard","MOALLEM","0.32","49","2540","14","3101","ST. ANDREA  SW","Palm Bay"
"TD256423","Brevard","MOALLEM","0.23","49","2564","23","2860","BASIL AVE SW","Palm Bay"
"TD257709","Brevard","MOALLEM","0.29","49","2577","9","820","SANDOLLAR ST SW","Palm Bay"
"TD258202","Brevard","MOALLEM","0.23","49","2582","2","890","SILBOAT ST SW","Palm Bay"
"TD258718","Brevard","MOALLEM","0.23","49","2587","18","2329","BARON AVE SW","Palm Bay"
"TD259415","Brevard","MOALLEM","0.27","49","2594","15","2300","WISHAM  SW","Palm Bay"
"TD260855","Brevard","MOALLEM","0.23","49","2608","55","820","BOMBARDIER BLVD SW","Palm Bay"
"TD262611","Brevard","MOALLEM","0.23","49","2626","11","711","PERKINS ST SW","Palm Bay"
"TD274525","Brevard","DAVID MOALLEM TRUST","0.23","50","2745","25","707","RALEIGH RD SE","Palm Bay"
"TD560","Brevard","MOALLEM","2.50","","560","","0","S. OF FAY BLVD  ","Cocoa"
"TDCG","Brevard","MOALLEM","1.27","","13","25","","  ","Canaveral Groves"
"TDCG-Pond279","Brevard","MOALLEM","1.31","","","279","","OFF PORT ST JOHN PKWY ","Cocoa"
"TDCG-Pond280","Brevard","MOALLEM","1.31","","","280","","OFF PORT ST JOHN PKWY ","Cocoa"
"TDCG1--8","Brevard","MOALLEM","","","1","8","","  ","Canaveral Groves"
"TDCG10-002","Brevard","MOALLEM","2.39","","8","7","0","TOMARLA AVE ","Canaveral Groves"
"TDCG11-25","Brevard","MOALLEM","1.28","","11","25","","OFF PORT ST JOHN PKWY ","Cocoa"
"TDCG11-26","Brevard","MOALLEM","1.28","","11","26","","OFF PORT ST JOHN PKWY ","Cocoa"
"TDCG13-7","Brevard","MOALLEM","","","13","7","","  ","Canaveral Groves"
"TDCG18-8","Brevard","DAVID MOALLEM TRUST","1.26","","18","8","","OFF HWY 528  ","Cocoa"
"TDCG19-02","Brevard","MOALLEM","2.68","","19","2","0","  ","Canaveral Groves"
"TDCG24-3","Brevard","MOALLEM","1.29","","24","3","","  ","Canaveral Groves"
"TDCGS10-3","Brevard","MOALLEM","1.80","","10","3","","  ","Canaveral Groves"
"TDMIS1","Brevard","MOALLEM","1.25","","530","","0","  ","Brevard County"
"TDoffFoundation","Brevard","MOALLEM","0.07","56","","2","","OFF FOUNDATION PARK BLVD SE","Palm Bay"
"TDSatellite1","Brevard","MOALLEM","1.50","","7","18A","","SATELLITE BLVD ","Cocoa"
"TDSatellite2","Brevard","MOALLEM","1.20","","","","","SATELLITE BLVD ","Cocoa"
"TDUS1","Brevard","MOALLEM","1.57","","266","","4454"," HIGHWAY 1  ","Brevard County"
"TO","Brevard","T. C. CHANG III","","","","","830","N. WICKHAM RD  ","Melbourne"
"U12F","Brevard","MOALLEM","1.03","12","A","","802","ARABIA RD SE","Palm Bay"
"U14D","Brevard","MOALLEM","1.02","14","D","","274","ALEGRIANO RD  NW","Palm Bay"
"U36F","Brevard","MOALLEM","1.70","36","F","","945","HARPER BLVD  SW","Palm Bay"
"underhill","Brevard","MOALLEM","40.00","","500","","1001","UNDERHILL AVE  SE","Palm Bay"
"WHYNOT","Brevard","MOALLEM","1.22","","511","","511","BABCOCK ST SE","Palm Bay"
"X119","Brevard","MPX","0.23","24","1196","16","3191","LOWRY BLVD  SE","Palm Bay"
"X120","Brevard","MPX","0.23","24","1197","8","3263","LOWRY BLVD  SE","Palm Bay"
"X188","Brevard","MPX","0.24","32","1559","14","1170","GAWAIN RD  SW","Palm Bay"
"X189","Brevard","MPX","0.24","32","1559","16","1148","GAWAIN RD  SW","Palm Bay"
"X227","Brevard","MPX","0.30","36","1727","23","1285","GERRY RD  SW","Palm Bay"
"X241","Brevard","MPX","0.24","36","1759","11","715","HAWKINS AVE.  SW","Palm Bay"
"X246","Brevard","MPX","0.23","37","1648","12","872","SCHOMER AVE.  SW","Palm Bay"
"X248","Brevard","MPX","0.23","37","1659","16","818","DAMEK TER  SW","Palm Bay"
"X249","Brevard","MPX","0.26","37","1673","16","485","HARRISBURG ST  SW","Palm Bay"
"X255","Brevard","MPX","0.33","39","1829","17","572","DECKER CT.  NW","Palm Bay"
"X260","Brevard","MPX","0.23","41","1863","27","449","PRIVET CT  NW","Palm Bay"
"X261","Brevard","MPX","0.24","41","1864","32","1768","HYDRANGEA RD.  NW","Palm Bay"
"X2622-22","Brevard","MPX","0.23","49","2622","22","1664","GARVEY RD  SW","Palm Bay"
"X277","Brevard","MPX","0.24","46","2052","11","1118","MOON  SE","Palm Bay"
"X28","Brevard","MOALLEM","0.24","16","758","40","1181","VALENCIA ST SE","Palm Bay"
"X301","Brevard","MPX","0.23","25","1304","8","2980","DAGGET  AVE SE","Palm Bay"
"X37","Brevard","MPX","0.26","17","841","2","1806","SANDIA RD  SE","Palm Bay"
"X378","Brevard","MPX","0.23","49","2530","12","628","OWL ST  SW","Palm Bay"
"X380","Brevard","MPX","0.23","49","2530","23","3307","NIGHTHAWK AVE  SW","Palm Bay"
"X382","Brevard","MPX","0.23","49","2533","5","3349","MOCKINGBIRD  SW","Palm Bay"
"X383","Brevard","MPX","0.23","49","2533","9","3293","MOCKINGBIRD  SW","Palm Bay"
"X384","Brevard","MPX","0.23","49","2534","19","3334","MOCKINGBIRD  SW","Palm Bay"
"X385","Brevard","MPX","0.23","49","2535","14","3198","SAGE  SW","Palm Bay"
"X408","Brevard","MPX","0.23","49","2586","36","2398","BOLTON AVE  SW","Palm Bay"
"X426","Brevard","MPX","0.23","49","2619","6","851","BOMBARDIER  ","Palm Bay"
"X428","Brevard","MPX","0.23","49","2622","23","1680","GARVEY  SW","Palm Bay"
"X429","Brevard","MPX","0.23","49","2623","17","727","DIRCKSON ST  SW","Palm Bay"
"X430","Brevard","MPX","0.23","49","2625","10","726","PERKINS ST  SW","Palm Bay"
"X434","Brevard","MPX","0.23","49","2637","10","1419","MADDEN AVE  SW","Palm Bay"
"X46","Brevard","MPX","0.23","18","962","4","1670","SANTONIAN ST  SE","Palm Bay"
"X74","Brevard","MPX","0.23","23","1109","26","1067","WESLACO ST  SE","Palm Bay"
"X83","Brevard","MPX","0.23","23","1123","18","1961","COGAN DR SE","Palm Bay"
"X95","Brevard","MPX","0.23","23","1767","14","1295","WESTUNDER ST SE","Palm Bay"
"XA421","Brevard","MPX","0.27","32","1567","1","499","LA COCO ST ","Palm Bay"
"XS257327","Brevard","MPX","0.23","49","2573","27","2650","GINGER AV  SW","Palm Bay"
